prior,seed,step,phi_fdrr,geo_kid,swd,structtex,spectrum,energy
Canny,35,10000,3.8635170968862056,20.021053175642827,0.1157742515206337,27.543888862466453,0.8746517452276223,2.0925271992584125
Canny,35,10500,4.240669242053984,19.904722688665284,0.12921380996704102,38.11212217001524,0.9711563367384323,2.2007085315543917
Canny,35,11000,3.872947347134171,21.89478562937426,0.12584683547417322,33.38832270671879,0.8101805062863524,1.8105565855120067
Canny,35,11500,4.350646942864743,28.690237349820457,0.1222504327694575,27.543362862135304,0.6871709916422949,2.0902783188759777
Canny,35,12000,3.583650419609316,22.286550450694513,0.11872980991999309,30.792624418200994,0.6762635744645603,1.8029847166564201
Canny,35,12500,3.6941239807757484,20.862971433469745,0.15028216938177744,24.812187788760557,0.7485208699967553,1.9353868998940214
Canny,35,13000,2.6424106103560185,17.14375207931884,0.11351712048053741,25.974449720035032,0.5862274475425766,1.1656508641740606
Canny,35,13500,2.696834067953828,15.816059863406116,0.11770981053511302,19.177667525472806,0.7224823376763874,1.4506923683569177
Canny,35,14000,2.5907268029277795,13.986073015728774,0.12776117523511252,23.389140350650898,0.7446860882628009,1.3267625282301214
Canny,35,14500,1.8985027824949052,13.344728861881837,0.11122594277064006,15.410601603261915,0.5579410281319278,1.1316870228746252
Canny,35,15000,2.0976599890194203,19.6219001406674,0.11901758859554927,19.932380779747998,0.533487345181954,1.207394867919895
Canny,35,15500,2.2635477011347063,20.49095552180424,0.11858132978280385,20.054092157439875,0.5184971806949248,1.256166121380013
Canny,35,16000,2.3622322686941697,15.161169069949505,0.11399606863657634,15.821197873010604,0.6158772023325068,1.2913306902836723
Canny,35,16500,2.4953207985166888,19.38847478888781,0.11420081555843353,22.197077488186256,0.7012761742648457,1.2741507946656752
Canny,35,17000,2.1873882243484633,15.387696162756296,0.11807843049367268,19.117441284794324,0.5764789692090948,1.1060955569895967
Canny,35,17500,2.113353814003503,15.547214695449167,0.1290671875079473,12.204607586617781,0.584795236641175,1.038860123765535
Canny,35,18000,1.840550649710369,11.011729125554002,0.12986179937918982,12.330647164990065,0.5038865058491587,0.9769292152043177
Canny,35,18500,1.967978745562587,9.712463284936776,0.11333753913640976,13.568189792791351,0.5564032976845187,1.152359051173449
Canny,35,19000,1.721547367412799,8.905948376847538,0.1354979102810224,12.09902083360257,0.612661923046626,0.8399670787197312
Canny,35,19500,1.998008692177388,7.932732669916907,0.11728987097740173,14.997290729509695,0.6001009213256041,1.3861656220446301
Canny,35,20000,1.7569169152497326,7.477756920415645,0.10848301152388255,12.757233982815867,0.6113219742624882,1.11752124996009
Canny,35,20500,1.9327552276181428,5.789099295628039,0.1044625813762347,16.149329003195795,0.4993992836253777,1.1138269674050505
Canny,35,21000,1.6337907726273615,4.796629230374034,0.12265212088823318,9.699054424482323,0.6004228066457978,1.1394143856364152
Canny,35,21500,1.613594298750716,3.9963747913089342,0.11121014505624771,7.424769869048109,0.6153451995752329,1.1254217040647307
Canny,35,22000,1.4518935322385729,5.655413401584989,0.12766471256812414,7.009862947190891,0.663432892811651,0.7739024166400051
Canny,35,22500,1.7490971835093927,5.750807199987222,0.11887023597955704,10.7725156849192,0.6918479321734164,1.3619829513476913
Canny,35,23000,1.7959753909868152,5.385959073594039,0.10675411423047383,14.07971558173696,0.8594495282606438,1.3405539844621939
Canny,35,23500,1.8549856211351226,4.314911423229821,0.11182006448507309,9.188717546938474,0.915101855004838,1.4010383469726795
Canny,35,24000,1.8501585345761555,4.478963334290531,0.10644137114286423,10.660046339828357,0.8859292252990077,1.3423971699470791
Canny,35,24500,1.725481393567026,3.8836520659841596,0.11278711756070454,11.067719085037435,1.3390984717227339,1.0376761921444992
Canny,39,10000,4.644461598141143,29.508691757314097,0.1219011719028155,39.02357318498791,1.460186512374022,1.9471716171611044
Canny,39,10500,5.4935807479025005,29.85880523300576,0.12689514209826788,60.924431519335876,1.4816548381005101,1.7456889009643266
Canny,39,11000,4.966910111240751,30.814263060602798,0.12283303091923396,67.99140045798987,1.1919640983826698,1.636131067605717
Canny,39,11500,5.4252128958219945,27.083511031935437,0.11585035920143127,38.48937826781147,1.1580713599219807,1.6401540159924295
Canny,39,12000,4.512744356575732,31.075608804225148,0.11472165336211522,43.75692283420777,1.2188355420581312,1.1490260739071447
Canny,39,12500,6.429968305504747,34.20039099048504,0.11778178811073303,74.85656888616677,1.3336469885701907,1.453489429732374
Canny,39,13000,5.704840629402958,30.026305716097248,0.10903262098630269,50.866253160986055,1.0180494138369722,1.500373372724028
Canny,39,13500,5.978776686340857,33.26078017684212,0.10905335595210393,54.29828350600897,1.1333210212711198,1.2320771183859778
Canny,39,14000,4.73339630575472,32.79242729284877,0.1276238958040873,46.5862425392396,0.8432364962607879,1.0333097515130294
Canny,39,14500,6.596514088110792,32.02666289072123,0.13146286954482397,61.603708105221045,1.0698453718992975,1.518424482748449
Canny,39,15000,7.452733978306607,37.85728721080935,0.11698791881402333,79.20825356570707,1.1446632305716093,1.4975506668782965
Canny,39,15500,5.771202763186564,31.50515834224172,0.12316060314575832,52.048578247872534,0.9768527694596137,1.7347192368239384
Canny,39,16000,5.380412066302199,26.307827978076112,0.12100554257631302,42.48162131146905,1.2409601141138695,1.600857342173797
Canny,39,16500,4.1334899707498165,23.384395676418332,0.12261274705330531,29.56193909931926,0.9287242888446224,1.772383440410483
Canny,39,17000,3.035914742264949,16.72591222362304,0.10532345871130626,26.255104820964988,0.9705468131704849,1.3322411637761808
Canny,39,17500,2.5837110276001214,14.504925641630724,0.11787253866593043,16.612995457245464,1.0716083422488911,1.319692494380598
Canny,39,18000,1.9162004999632463,11.980878522102017,0.1168861264983813,13.39791583130457,0.8205270134075938,1.0866514576525652
Canny,39,18500,2.3554436860634187,13.016023017233795,0.12682773917913437,17.131697589706896,1.04971679448706,1.498070805996801
Canny,39,19000,2.269465815044416,8.567845390747234,0.1308495377500852,14.935686987383466,1.1114801038272628,1.4530770938724615
Canny,39,19500,1.853655880839234,9.808013037723232,0.14648461093505225,14.68170493922169,0.9363538727646197,1.1090049981890469
Canny,39,20000,2.047663993102033,10.612612066599421,0.12647117425998053,14.201885827860403,1.1208178893209118,1.0825706877044652
Canny,39,20500,1.8669240728970904,9.506617991600034,0.11603439102570216,9.319298605515776,1.0213375246508023,1.047183482764374
Canny,39,21000,2.2244464721032275,12.720124862879276,0.11446517705917358,12.255859158984569,1.2728580209577418,1.1505603238317608
Canny,39,21500,1.7785346981649728,8.996608996609798,0.12088969349861145,10.763145076193048,1.054796305211323,0.9547500442008496
Canny,39,22000,1.5677186048355172,6.954096999142597,0.12185182670752208,10.627190415300847,0.9398688794273433,0.7530059181275457
Canny,39,22500,1.8544167975896277,7.193059312208609,0.11417848865191142,11.050638417951168,1.2141884007658306,0.9860490635093766
Canny,39,23000,1.594823568424121,7.321631275679894,0.10747295369704564,11.627100415440053,0.8856365771268083,0.8758772411526623
Canny,39,23500,1.5793762901430721,5.767913888895636,0.12085335950056712,8.851103289543465,0.893315429441616,0.9424200369606625
Canny,39,24000,1.7561040725242314,5.338305632882706,0.11807168771823247,8.86403670074504,1.0785275497392872,1.261689736773918
Canny,39,24500,1.691929553916753,4.339114862050378,0.14997466405232748,9.483389984804926,1.1090755534737589,1.2021821618581006
Canny,42,10000,40.57601473233319,85.34104590260603,0.10821014891068141,45.30165564939841,2.069252783895678,4.351509481702176
Canny,42,10500,46.043811875955626,83.82390056591534,0.1425227845708529,57.967051502359745,1.4515386034215227,3.2892861513422385
Canny,42,11000,40.418424452849216,82.26900185033917,0.140579824646314,48.83535759823523,1.1113178748116397,3.4964605938530187
Canny,42,11500,37.99188018976018,66.571837196815,0.12648080786069235,44.14304388698778,1.3852369326405063,3.264635634029095
Canny,42,12000,40.810541174752245,52.38756539081478,0.12312626590331395,51.70568952198578,0.9947261286950284,3.4534197822658808
Canny,42,12500,33.267636628609296,43.192496119525224,0.1198213795820872,38.44668804565208,0.6438199254654033,3.969153313617785
Canny,42,13000,34.30945540251314,33.83202533801548,0.1162806898355484,44.71464021912178,1.0387365755995344,3.7515186688849567
Canny,42,13500,29.737564401794746,31.212984584200722,0.10867633918921153,36.366138582177044,0.8785056920692552,3.457480246695611
Canny,42,14000,27.55620077584394,19.09499552879345,0.132636787990729,36.20758458562396,0.9359410989270777,3.218523453830691
Canny,42,14500,24.39673215734172,13.308372031450109,0.11765096088250478,28.944114764755263,1.155251288108492,3.4143822065450316
Canny,42,15000,11.092278049753093,11.30150961685024,0.10913169384002686,13.604714768551215,0.8506471928050331,2.8329635778844473
Canny,42,15500,13.379637199178172,12.215536521740606,0.12642726053794226,15.75521647474904,0.886436153215565,3.084419232952419
Canny,42,16000,14.556316776869705,7.833876535395261,0.11993645876646042,18.72506245516378,0.68402782985873,2.0682962568887047
Canny,42,16500,12.480300659090657,10.94739633937694,0.10814690838257472,15.20713284705404,0.789352958133559,2.3864210808512625
Canny,42,17000,11.858972192612438,11.011853648465259,0.11210735390583675,14.98064734818703,0.6371078197810337,1.9343821732307258
Canny,42,17500,11.595554296055246,12.6335833694205,0.135793666044871,15.33197736222585,0.6459716766260829,1.382106830569252
Canny,42,18000,21.212123222797782,11.180277727803361,0.12738905350367227,25.343176714586043,0.72749651646783,1.874714630999256
Canny,42,18500,14.21313609354953,13.463116189496233,0.12524623175462088,17.194943999271906,0.49603994780514904,1.5550258399452153
Canny,42,19000,19.97098915020943,21.930527865806926,0.12922470023234686,26.207838794594373,0.6324713622838738,1.5408301761218364
Canny,42,19500,16.68766167083014,15.422767975676313,0.1341722384095192,20.4273358877033,0.7181435148780121,1.1670842908853272
Canny,42,20000,18.739429039399816,18.06722934670844,0.11336170633633931,24.275806647265437,0.7740865938064823,1.9646386695177065
Canny,42,20500,16.778743196821104,22.120350695453244,0.10283707827329636,21.981424383095625,0.689044323199015,1.9314504411917286
Canny,42,21000,22.370775771953685,23.306899588991804,0.1097238486011823,30.230985973388968,1.2256060270101568,2.400512421689459
Canny,42,21500,25.080368647978897,20.522954565779326,0.10317952930927277,31.714355877626662,1.0691803600243077,3.5114153509324484
Canny,42,22000,18.41429067839018,14.639618474472096,0.11739057302474976,23.056015150862958,0.868146145196122,2.3662212296980982
Canny,42,22500,15.020928829871991,16.775015083089894,0.1003160501519839,18.50481648829455,0.832718368925587,2.0372166172569157
Canny,42,23000,8.78669520277839,6.315748226516506,0.11167140553394954,12.16009389162274,0.718636718482489,1.5293295507110078
Canny,42,23500,20.209919442967376,6.055896914929294,0.11333539088567098,25.306133117462426,1.0317036651872802,1.716423263894795
Canny,42,24000,9.186221418335059,6.2049600362452235,0.11415059119462967,10.852428373162338,0.8892807562581766,1.3520091971770007
Canny,42,24500,7.569795192382351,4.062977840788394,0.126017856101195,8.870679633873745,1.2239447673751491,2.037676452950217
LoG,35,10000,3.0340834668289585,24.910360864404925,0.11087305347124736,18.76961086070408,0.7641715753587071,2.134461966387317
LoG,35,10500,2.558490185843976,29.43505230760629,0.11236102133989334,22.69454892576019,0.6625030087537721,1.70176216530353
LoG,35,11000,2.730386775824313,30.89243560632683,0.12472229202588399,20.76044606836956,0.682654565330668,1.8531182926110568
LoG,35,11500,2.5158764820383896,21.83948688845711,0.11454105625549953,17.80767786036137,0.7467378601688991,1.82600826927608
LoG,35,12000,2.753224389000325,21.937364657689866,0.11823424945274989,20.04952087012234,0.6853299708377721,2.0491135097298576
LoG,35,12500,2.50015278709982,17.855229855897228,0.12135025610526402,17.887599058152983,0.6994477375920466,2.1602645669055724
LoG,35,13000,2.3572114592035245,18.696668253851264,0.10370598485072453,17.275035024114185,0.5614498676766605,1.7112552870330342
LoG,35,13500,2.388646935271789,18.101541619530273,0.12208285927772522,14.975125470075248,0.6239328297843051,1.924146511524039
LoG,35,14000,2.6623856723336394,15.24427639128695,0.10730678339799245,11.095305596861367,0.6774882171944742,2.0986257182182144
LoG,35,14500,2.4784950941141655,13.919936844729685,0.12882263461748758,12.824371211237342,0.5725288773300379,2.1617005088096732
LoG,35,15000,2.1845850380450074,12.617437798392228,0.12047189722458522,12.421617134664995,0.524119254639835,1.872219150192875
LoG,35,15500,2.6223862781669016,10.707658151196101,0.11014563838640849,21.217586913977332,0.6334032151997162,2.402264533962384
LoG,35,16000,2.369248622588799,10.700861127789633,0.124199574192365,12.087474869887282,0.5372547237624595,2.265865855426457
LoG,35,16500,2.0077763340833585,9.933326977252966,0.10887180517117183,11.366076736404576,0.45867014835717884,1.955581620116755
LoG,35,17000,2.1099627909221086,8.254970583500285,0.11329726874828339,13.908478545641522,0.510304672169171,2.337934502899035
LoG,35,17500,1.494350103869985,8.32836429036443,0.11433718353509903,9.211219468059621,0.3508422543243566,1.2207929864006144
LoG,35,18000,2.00905122736772,6.4489153384099325,0.12757696211338043,12.086463693619013,0.5651973346867069,1.8613344051629228
LoG,35,18500,1.7466457926224133,7.801469411122459,0.11334206908941269,11.644273711687724,0.5136006581453205,1.6478561660458984
LoG,35,19000,1.648335333500868,6.153793264047154,0.13312856356302896,6.759687485843893,0.46916291470512744,1.6691698486904127
LoG,35,19500,1.5254076122532927,5.825271864236116,0.1085437461733818,7.968963999945728,0.484263555764348,1.3629736613545569
LoG,35,20000,1.5098582450552716,5.981209841794515,0.12387129167715709,10.44446108396538,0.4104336280828645,1.4984642918915316
LoG,35,20500,1.5846692903706543,4.871047138632029,0.1267263169089953,5.898035613529664,0.5230168630628834,1.6939189532718644
LoG,35,21000,1.888691338284394,4.8632731401317875,0.11678144832452138,8.925846679331373,0.6350118139172047,2.1034302801780536
LoG,35,21500,1.4296387281762875,4.7152296348059854,0.12269798914591472,7.237723219896328,0.530242053889214,1.3797066397399942
LoG,35,22000,1.6639391775676668,4.836773954518593,0.11057567844788234,7.006976500806504,0.667862981385518,1.8986776764292883
LoG,35,22500,1.5069089304153682,4.499648517574318,0.10150072971979777,5.704083915776741,0.5815795772796702,1.6962521708904998
LoG,35,23000,1.439250877928485,4.467888361076591,0.11678406596183777,8.298876981886512,0.4804116343409907,1.5264841621681933
LoG,35,23500,1.6834063468271852,4.94515140813131,0.12714494268099466,7.734827249642156,0.6407415181783083,2.0561273677150487
LoG,35,24000,1.2239761305923227,4.055823158348021,0.11145021766424179,6.737582524452813,0.5108023501920318,1.263118279884777
LoG,35,24500,1.1484600435655663,4.220479517402558,0.11138173441092174,4.11986284801127,0.4269798444764217,1.2291052850066961
LoG,39,10000,2.643975473542011,10.073687221920727,0.12454180171092351,11.239986838351616,1.4538866367315577,2.4979894292625704
LoG,39,10500,1.9756522213319336,11.32083011305796,0.12360543757677078,12.03951521740148,0.7673534507511227,1.7395406715018318
LoG,39,11000,2.6701688121211995,10.744865688345746,0.10657745599746704,18.788727436894597,1.1296643180244046,2.2842254841820933
LoG,39,11500,2.1733691964477733,7.401536597250674,0.11737935493389766,11.642952544709335,1.0064230633873157,2.061082746850357
LoG,39,12000,2.061830104779639,11.045674282487102,0.118995967010657,13.335547150050397,0.6638164889262512,1.7159915967093669
LoG,39,12500,2.1748965143646424,8.333876524601425,0.1191457783182462,8.653239858874576,0.7746249051083853,2.0242198274167094
LoG,39,13000,2.1921604900717258,8.745641056233453,0.13630841920773187,12.107438488553871,0.78873880078959,2.0025386829107297
LoG,39,13500,1.9897973926550205,13.614623417159246,0.11113688101371129,12.911369884605659,0.6778242083753719,1.603343766226471
LoG,39,14000,1.9798591311749945,10.797114856538169,0.11010399460792542,13.356135667746448,0.6125185687280652,1.6716475580248282
LoG,39,14500,1.6156142133711024,14.04892673739709,0.11308246354262035,4.991133881250315,0.5428456563246571,1.661036027079412
LoG,39,15000,2.164928298701521,14.871450339115578,0.10765834897756577,13.29297990762708,0.6353135700354832,1.9561803019990998
LoG,39,15500,1.650970147123881,12.348353363337756,0.11058375736077626,5.649625427508055,0.5404027174659342,1.5387249961867517
LoG,39,16000,1.9051408619850152,11.27846759407237,0.12267504384120305,13.700365454178836,0.6583690123391642,1.7230577369840374
LoG,39,16500,1.7828346148444862,10.392158110736899,0.11096391081809998,8.14647658825874,0.9474560475204576,1.8733739796960063
LoG,39,17000,2.121020912288526,15.243974968396387,0.10838777820269267,9.124308860800435,1.0819887444536411,1.8738502934986812
LoG,39,17500,2.094011274569078,13.530177328972815,0.11996920903523763,16.000916937587093,0.8441155480672462,1.691228556171814
LoG,39,18000,1.8394530006784362,20.731996662225665,0.11010561635096867,9.753336501870885,0.791045715866035,1.4040636635638064
LoG,39,18500,2.42612368023213,16.879127629250114,0.11422351747751236,15.663898571864411,0.9153615528215041,1.7440899589443457
LoG,39,19000,1.906107707062339,19.531025733004455,0.10749401400486629,16.09013200097127,0.7369736303100853,1.4272467359194356
LoG,39,19500,2.0946850098362053,15.844367537017973,0.11859472344319026,9.515599711641022,0.9060326332202332,1.5278930053175566
LoG,39,20000,1.719388203426056,15.346080699120105,0.11950140943129857,12.182375918131337,0.5576333728945497,1.3694578985959456
LoG,39,20500,2.355078247909123,17.654755379962495,0.11972252776225407,12.521920429934646,0.6897873863052795,1.919823413011322
LoG,39,21000,1.7313418723071836,16.0237545556322,0.11554963390032451,12.113955207116385,0.5366634328705728,1.4176804437156292
LoG,39,21500,1.8364988528119826,18.506620679338372,0.11785207192103068,9.120000903481444,0.6955041008428867,1.7761164541469174
LoG,39,22000,1.3517844662254628,12.908694407436766,0.11329446732997894,10.493310054597382,0.6952600809039362,0.9569932629924025
LoG,39,22500,1.4965276788377453,12.63884718656844,0.1099996343255043,5.021286487603981,0.5844369518930721,1.3182694475062737
LoG,39,23000,1.4275352588663737,7.956081436173832,0.12329551329215367,9.655980605605004,0.6316059382301789,1.5184693825799378
LoG,39,23500,1.0089940981623062,8.094508965536527,0.12660512079795203,4.472795221215162,0.4799076089450377,0.9812682765512372
LoG,39,24000,1.3463040488851106,6.552201624938012,0.1209705298145612,5.076072160496121,0.9481751456960825,1.313777276362652
LoG,39,24500,1.3906630933525546,5.969505980217753,0.11580902338027954,7.154194274153282,0.7527181889769464,1.4403366580153245
LoG,42,10000,9.148103727179652,18.068191467261425,0.10357155402501424,10.427833431408148,1.0298090036740588,3.911959329807064
LoG,42,10500,7.180779694711863,15.786291909047014,0.11068899432818095,8.153956033107814,0.8788946802976346,2.6657312666758326
LoG,42,11000,10.668201984753154,12.973143319503297,0.12766596178213754,12.622571692160614,0.7942621086756277,3.192894761188634
LoG,42,11500,10.997223601312045,19.215939472100665,0.10020041465759277,12.66780217924836,0.9155307706895148,4.342540119987035
LoG,42,12000,9.398307479928492,16.29488076150797,0.11588811874389648,11.033778321825485,0.5824679327123308,2.4176171772239314
LoG,42,12500,7.75966834206745,15.268703028053219,0.12826183686653772,8.545669514580386,0.9922087548170719,3.0844171625794305
LoG,42,13000,8.691005528324373,16.26746902510083,0.12859058876832327,9.705873628425914,0.8983473241784712,2.8964141302606765
LoG,42,13500,11.457745946089164,18.390918761512623,0.12069057921568553,13.899174338297332,0.7657406410909184,2.806345822243047
LoG,42,14000,18.080398874149424,17.65609537596817,0.11259132623672485,22.313680404641346,0.6877441642728079,2.566381194962139
LoG,42,14500,16.441407148883716,16.441030380802193,0.12882118423779806,20.127365558781822,1.0376520361153676,2.860264512115589
LoG,42,15000,18.298947855154207,12.230659555216672,0.11325288812319438,21.722140351354827,1.0633689056324633,3.3768538674867217
LoG,42,15500,17.741014834450784,15.182104817409726,0.1192059616247813,21.727782981062425,0.5965402668125185,2.4556396209444515
LoG,42,16000,15.122709332276992,12.751816395374227,0.10336680958668391,18.524899921855386,0.8259606867896042,2.782602934013534
LoG,42,16500,15.828431243203271,14.091837721359962,0.10825073719024658,17.187284895695,0.4532828718838387,2.644046585714236
LoG,42,17000,11.336860193415903,8.990175601331737,0.11347379287083943,13.056130188696065,0.8972963549501749,2.0819390492093386
LoG,42,17500,9.602171403351125,7.654451476533301,0.11293474584817886,10.591033757356453,0.4979283758203516,2.601130710500712
LoG,42,18000,9.67812934080143,8.181957668850435,0.11738975594441096,11.76478639943462,0.5101189861838784,2.2272281125012654
LoG,42,18500,8.289448942290676,7.034620366231732,0.12683490912119547,9.825733796742869,0.529261653725517,2.2534620380823305
LoG,42,19000,7.214771052330987,5.646657611749252,0.10619546721378963,8.757274295767305,0.35299504618807553,1.908529728337993
LoG,42,19500,5.36913007201674,6.567933795512863,0.11185293147961299,6.057049549620046,0.49927954264996366,2.2016877639727768
LoG,42,20000,2.6555560139108803,7.221815137019213,0.11826883753140767,2.84858802043006,0.2792940723054964,1.4690371027650706
LoG,42,20500,1.5976789333107513,3.2701552101668137,0.10588014125823975,1.7317292751473266,0.34264477703491064,1.2285688129021104
LoG,42,21000,2.451962329936403,3.641109462908303,0.12337195873260498,2.5448641528887053,0.5128989857576957,1.9283949070101358
LoG,42,21500,2.0646310788805677,3.4209826100781,0.12181317309538524,2.327392005510328,0.38600884917185124,1.3929142895438933
LoG,42,22000,1.6378499258462431,2.9663317698242713,0.11747243255376816,1.661139251800552,0.5675151192396504,1.8785903708774112
LoG,42,22500,1.7210012786404458,2.5442040201882863,0.1302241012454033,1.839304501154082,0.3044286536382894,1.4287203246197346
LoG,42,23000,2.2867739383262853,2.8596793046324267,0.10415002952019374,2.525619163347406,0.562244956161595,2.242110367653092
LoG,42,23500,1.1183728611741137,4.766856795542011,0.11113372693459193,1.1712926933998802,0.4081844492348538,1.1453011918521059
LoG,42,24000,1.5498417414481016,3.3131222581007607,0.10973214358091354,1.6162895108368096,0.38517311520827163,1.337228329214457
LoG,42,24500,1.7420148514831508,4.1926410685118345,0.117161658902963,1.9972049218992087,0.4517511801876045,1.3260746294182464
SLoG,35,10000,1.6578904368883884,0.7941492352025362,0.10316334416468938,2.081977199870936,0.478191643002021,2.6825121478237226
SLoG,35,10500,1.2000514844584549,0.5662393162611681,0.12548770507176718,2.1538199575777526,0.4342853046927724,1.594799987696094
SLoG,35,11000,1.076500878036273,0.4122253892111608,0.10822516679763794,1.465357619961554,0.3828078934866451,1.7568830809375984
SLoG,35,11500,1.1325198880191905,0.21434533198382572,0.12068839371204376,1.5912511465468606,0.4178553525550661,1.612887311234021
SLoG,35,12000,1.1235303800998473,0.28623886551746447,0.12278370062510173,1.9818621478033485,0.35068430188807365,1.7830540887617288
SLoG,35,12500,0.908908863188709,0.302793368930891,0.12258376677831014,1.1390337518147218,0.33523354826157403,1.4504379959041203
SLoG,35,13000,0.8109713511585536,0.17745911875917036,0.10202636569738388,0.6947091105755687,0.2568733216786675,1.3803084335798452
SLoG,35,13500,0.8864216640202629,0.12294120433604752,0.10231979191303253,1.065078972017568,0.3410337926170629,1.4234415798382292
SLoG,35,14000,0.8266958136730042,0.21118607360199512,0.11500175297260284,0.8716875498778691,0.2889044792600025,1.3178127874464245
SLoG,35,14500,0.7983461469287361,0.2952440456205522,0.1167561411857605,0.8897022500878311,0.23201680116360518,1.260586296689976
SLoG,35,15000,0.8600358581143693,0.2378091942585893,0.12002032498518626,0.8795670698662847,0.25656140963197227,1.3713316241203555
SLoG,35,15500,1.1056681816621976,0.32873635400625484,0.11032616843779881,1.2261047881793103,0.29472531941140534,1.9913328883745935
SLoG,35,16000,0.7446190095635885,0.3143549516304306,0.11125991990168889,0.8420682699421209,0.16568653335808567,1.2218724044803864
SLoG,35,16500,0.9359367228901636,0.5028121403896033,0.10351268202066422,1.073047508232029,0.19104564128193288,1.419050690565203
SLoG,35,17000,0.8927356004716221,0.6899371718005096,0.10692103207111359,1.8623322039041048,0.19730811816134983,1.290570191726652
SLoG,35,17500,0.9522574200818456,0.6979395327455145,0.11035732179880142,1.6212837924129493,0.13824933565172343,1.477199428171322
SLoG,35,18000,1.2283277331335059,0.7451255815405273,0.12543148547410965,1.4968515799204634,0.22303787597530644,2.1315070683563087
SLoG,35,18500,1.1185663168414068,0.9406749597061997,0.12431618571281433,1.560402082431922,0.1721491118938324,1.8381038204672795
SLoG,35,19000,1.2931133071061187,0.7513757030564653,0.12057635933160782,2.641459299992294,0.16503946383777512,1.956147085259357
SLoG,35,19500,1.401654553856367,0.9577740913161532,0.1363688806692759,1.3681578856899446,0.16867526032925204,2.5843111538880943
SLoG,35,20000,1.6096091284114373,0.8031279159918304,0.111914557715257,2.207094041455397,0.11582270877161199,3.1679131054990566
SLoG,35,20500,1.2372485324680205,0.8075572908180979,0.12876800944407782,1.8327203501612161,0.14391314692358026,2.182785713017326
SLoG,39,10000,1.840667903033924,1.3061416848058103,0.11630634466807048,2.10640185149036,0.6704613960997867,3.1234841929788897
SLoG,39,10500,1.1983845684884564,1.3390043664371816,0.12172410885492961,1.3166870602552525,0.272196726148272,1.6238826976247873
SLoG,39,11000,1.485266419688482,1.5418994770414867,0.10952872534592946,1.9273689870395878,0.4526336946091719,2.3789216418020636
SLoG,39,11500,0.9900994801055685,1.2686053090541685,0.12482007592916489,1.0730935263961205,0.3466058119245255,1.5028904710542823
SLoG,39,12000,1.1415864219781031,1.295626264675146,0.12484940886497498,1.661027842237505,0.4178958440442578,1.6950742911550216
SLoG,39,12500,1.1721190389356604,0.9290129545925255,0.10418988267580669,1.0678982922674847,0.3833813733908421,1.7463882220755456
SLoG,39,13000,1.2448658104224133,1.8050682866063752,0.10298081984122594,1.2971245769128699,0.4673412669827915,1.9641021952027071
SLoG,39,13500,1.0692948130998845,1.4919379746179415,0.11339542269706726,1.1077779196368613,0.5612521512118124,1.4907727083824238
SLoG,39,14000,1.001013677804077,1.5029214688172563,0.11287678281466167,0.6466658548812306,0.4072004431958965,1.7561540621086262
SLoG,39,14500,1.2058214853679758,1.303208919091211,0.11820778747399648,1.0050626617165204,0.507966686012605,1.737631098886959
SLoG,39,15000,1.1992561310815484,0.9198502805000344,0.10744210332632065,1.1874763132962907,0.570595394675411,1.8745708480889045
SLoG,39,15500,1.0331184816854284,0.43674987946885857,0.10502319534619649,0.9556735746103886,0.3578781777291273,1.466862539426711
SLoG,39,16000,1.18229044960093,0.2750446867319302,0.12800204008817673,1.1212465861358796,0.5235028179729279,1.9822972288411986
SLoG,39,16500,0.950058773686094,0.3349131458577384,0.14456839859485626,1.1017051775818445,0.37623801055212397,1.472028739436039
SLoG,39,17000,1.133341984114673,0.5127966428095686,0.124193141857783,1.2690919389546456,0.4621037469376981,1.5775962117263125
SLoG,39,17500,0.9800970410730035,0.5241875837918683,0.1376692603031794,0.9928359239503367,0.40103747411611634,1.4585931048714247
SLoG,39,18000,1.12974127247653,0.7028701545953179,0.10737261921167374,1.8087314430586168,0.42621441918701997,1.8829492345950014
SLoG,39,18500,1.0325003255468346,0.6268495190179191,0.10218571623166402,1.7705556324694518,0.3181396751878372,1.432971696791585
SLoG,39,19000,1.0160464365561737,0.6476334084293154,0.12396439164876938,1.807610479096366,0.27481349022628154,1.3360171776102479
SLoG,39,19500,1.045981361350922,0.6917242673857249,0.10288588454325993,2.248734970330948,0.23382114212470184,1.4809597727543835
SLoG,39,20000,0.8688470941767302,0.8212249706061285,0.11826915045579274,1.800921233640215,0.2103882835984511,1.5096207184085362
SLoG,39,20500,1.0619377681360072,0.8447008915403222,0.12579928835233053,1.7217033394883912,0.21856399446995037,1.6127961265451383
SLoG,39,21000,0.9688745427194468,0.7333998864385063,0.1234378566344579,1.4779481213199819,0.27336201578935826,1.5400593935635185
SLoG,39,21500,0.9834989359795807,0.6648607678229177,0.10819206883509953,1.9657300511843454,0.2920603938940734,1.4818688142098841
SLoG,39,22000,0.9184425838967141,0.7624737094721712,0.10909159481525421,1.3749447298349684,0.31525243845315604,1.4117559986023858
SLoG,39,22500,0.8774837430189318,0.5809210604553179,0.10334172348181407,1.632665949155326,0.4126049645648568,1.2636086979427752
SLoG,39,23000,1.0549669332763771,0.5263281228282568,0.12244476129611333,0.8443541087831506,0.38241367598597903,1.9256039233672477
SLoG,39,23500,1.0457325127545467,0.5107843513174573,0.12293882171312968,1.3199364165740837,0.4114726716109336,1.788603334742159
SLoG,39,24000,0.9806545630048511,0.5636284615258914,0.12183732787768047,0.8964645018960736,0.36615288567693927,1.4837179887326912
SLoG,42,10000,1.6268777963335506,0.6842932952980115,0.10423224419355392,1.5392621295809208,0.1933049779931074,3.1244889824418918
SLoG,42,10500,1.983014726475633,0.6532127199006809,0.11903637399276097,1.9728159588813758,0.21426646958387374,2.9139451344592144
SLoG,42,11000,1.8829431901923637,0.6675574139625112,0.122608482837677,1.8921745125298228,0.2435941581991727,2.558607676800208
SLoG,42,11500,1.737643508139599,0.5952122197929304,0.11693425973256429,1.5346338071880052,0.24860369714278516,3.853217327729654
SLoG,42,12000,1.4512715987487053,0.676323265404237,0.12577255070209503,1.3816881538763996,0.22406458820456646,3.2498804754427137
SLoG,42,12500,1.3997587187727198,0.881757440732744,0.11653338621060054,1.2345494781504918,0.2276379255750141,2.7680583057827564
SLoG,42,13000,1.3900326103463552,0.6331470480299644,0.1193327655394872,1.3575021945555712,0.2521606449804592,1.7302568281054287
SLoG,42,13500,0.9641453247158821,0.7816612817499646,0.11227933565775554,0.8233585133698141,0.2044882013611712,2.4432144427454885
SLoG,42,14000,1.3877815052701639,0.6961809759662196,0.11404148489236832,1.2512469213810347,0.25410683561880526,2.536944228373736
SLoG,42,14500,1.2563269367740533,0.7713569234117823,0.12097734957933426,1.2107936862179256,0.22777799035237453,2.006031768662941
SLoG,42,15000,1.1205861198261973,0.880598947937076,0.1186158408721288,1.0956928713500513,0.335091563455101,1.8240624539553965
SLoG,42,15500,0.8611977461955493,0.9252414697215178,0.11377944300572078,0.7959054434991136,0.15598392443465986,1.568503193044695
SLoG,42,16000,0.967582515807429,0.7263261070908259,0.10691546897093455,0.854937815053927,0.228451665031572,1.9356724420457323
SLoG,42,16500,0.9149314839250119,0.6551755194026616,0.12207078437010448,0.8356446438939845,0.23666640969010855,1.997943186725842
SLoG,42,17000,1.4696067460306028,0.5072690127806567,0.11571099360783894,1.5094074821600467,0.2793154917300285,2.070321522860876
SLoG,42,17500,0.8015918338638857,0.34971197244993707,0.11396724234024684,0.7067224315275376,0.20328701920000491,1.921479357177751
SLoG,42,18000,1.4335550921575173,0.47649966418222506,0.11451118191083272,1.3934818737856738,0.21033197804331308,2.158634684135833
SLoG,42,18500,0.9810341328535586,1.3405290067605955,0.12582246214151382,0.9196105496992366,0.17043796282613424,1.8328320412002332
SLoG,42,19000,1.2762754140497963,1.701186377649383,0.11275587727626164,1.333067824453915,0.22214748060820036,1.3944395089842347
SLoG,42,19500,1.380659593700633,1.1922007592497903,0.12807309130827585,1.4048943732821226,0.258156832119736,1.7881998326013913
SLoG,42,20000,1.1707709517022722,1.472388478151808,0.10622896254062653,1.1638940978577306,0.1351266574245242,1.5061953187167205
SLoG,42,20500,1.7102810774691248,1.6674130417138098,0.09989591936270396,1.8639165244681208,0.172009113142815,1.7005526387747463
SLoG,42,21000,1.8085611743309342,2.4903295024588354,0.11089884489774704,1.7479385545287922,0.21674263302927824,1.743065695556903
SLoG,42,21500,1.553108761468292,2.086921896470277,0.11542042841513951,1.5682107601159079,0.1482671020627083,1.7764058658467452
SLoG,42,22000,1.4573723890283345,1.6091199643630678,0.11232311278581619,1.4808071296090304,0.130210617185376,1.8325617900577793
SLoG,42,22500,1.541719162060909,0.7520777754468869,0.11823215583960216,1.5855769796036547,0.26242338617021266,1.8242872313151839
SLoG,42,23000,1.35595962404254,2.015983576992011,0.12600759913523993,1.3850675033700848,0.17368286192760227,1.5220707433960603
SLoG,42,23500,1.1956298140337687,1.0527199969042154,0.12940034518639246,1.2206774864722145,0.16066839267512148,1.5454270891488842
SLoG,42,24000,1.6069468030302194,0.8455117428866157,0.11137588570515315,1.6197511096414403,0.12186819235306606,1.9739258541756044
SLoG,42,24500,1.501908259866943,1.0956354735687737,0.12048856168985367,1.4224972925484192,0.1337004259724711,1.588185162053883
